cleaned_text,label
lu ngentot ngambil fee ribu gede banget anjing,negatif
cek dm minn,netral
cek dm woy,netral
pelayanan gopay gmna ni proses tf nyangkut hari contact cs ga direpon apk amp email,negatif
pelayananya gimana ni bang gopay contact cs aja gabisa respon kitanya,positif
liat noh brp kali tp gaada saldo masuk gopayy gueeeee riwayat terakhirnya jg bulan februarii bales dm kasih respon apa kek banyak yg complain duitnya ga masuk tp ga ngasih solusi bikin laporan cmn dibales bot doang,negatif
gopay gw knp blm masuk sihh dr kmrnn nanya cs jawabannya template mulu,negatif
kakk sumpah ak jg gini bahkan laporan gojeknya responnya ga kyk punya kamu cmn template doang gabisa ngetikk keluhan,negatif
laporanku udah ditutup malahan kak soalnya vanya udah hangus duluan padahal saldoku kepotong,negatif
kak aku cepet banget kok kemrin saldoku balik buat laporan,negatif
gimana dahhh disuruh bales tp gaada pilihan buat ngetik lu suruh gua telepati top up kemaren waktu maintance siang bolong hari jumat k via va bca gamasuk saldo kepotong saldo gopay ga nambah warna merah kepotong tp tulisan berhasil,netral
tai lo udah seminggu anjg gini mulu,negatif
iya gak ngerti banget skrg sering error gini transferan statusnya diproses terus sampe bbrp hari lelet bgt tuhaannn,negatif
hallo ka cdm,positif
lah masalah ga selesaiselesai orang butuh uang masalah responnya hampir seminggu cuma template doang,negatif
kakk cdm yaa,netral
min saldo balik cek dm dong,negatif
blokir ga jelas emg gopaylater,negatif
akhirnya hari isi full aja cashback poin nya,negatif
cek dm min,netral
blm nih aku sih ga blokir cm ga payment pake gopaylater aja,negatif
tweet diserang buzzer gopay later jualan dilapak orang bayar woe,negatif
pencurian saldo driver aplikasi orderan gocar hemat saldo driver dipotong x parah banget jangan suka mencuri hak driver,negatif
mjb sekarang udah blm ka punya aku soalnya,positif
halo mau upgrade gopay plus ga pernah busa bantuannya suket dri kelurahan kalaumemang beda nama ktp kk,positif
min cek dm,positif
punyamu dah blm kak,negatif
penipu nimbrung aja lu cari postingan lah,negatif
gini deh minta update aja utk tiket no kasih update progressnya,netral
halo admin gopaylater dipakai muncul opsi pembayaran ga pernah telat bayar tagihan dibantu tks,negatif
min gimana caranya nurunin limit gopay later kebanyakan minnn,netral
masuk yaa gopay tabungan kok ga dijelasin awal gopay tabungan apa masuk,negatif
senasib emg gitu ga layanan call chatpun ujungnya didiemin ga solusi,netral
cek dm min,netral
kak punyaku pilihan payment pas ku cek apk gopay nya malah blokir,negatif
g o p a y banyak promo,positif
gopay later diblokir,negatif
cek dm min,netral
min cek dm kali,netral
sedang trobel mau bayar paylater gagal terus soalnya,negatif
min transaksi akulaku bayar pake gopaylatter berhasil tp akulaku transaksi menunggu bayar,negatif
halo nomor penipuan kirain cs tiba minta kode otp anjg emg untung sy dilindungi yg maha kuasa,negatif
cek dm min,netral
min cek dm,positif
benerin dong sistemnyaa duit gue gak masuk trs duitnyaaa kemanaa tabungan gak,negatif
aku ngalamin biasanya lancar lancar aja gimana nihh,negatif
siaap kak tunggu balasan temen sabil yaa sabil,negatif
transfer x gopay nominal berhasil digunakan keterangan gagal refund,negatif
emmy bantu biar pulsanya segera diterima kak riza dm nomor capture berhasil snid transaksinya makasih emmy,negatif
knp pulsa beli d my telkomsel masuk pake gopay pembayaranya,negatif
hai gopay dicek aja tiket pelaporan sama kalian main closed case padahal saldo masuk,negatif
laporan gimana,netral
hi min kok skrng gojek ku udah gada pilihan payment pake gopaylater padahal ringkes pake,netral
halo sahabat mohon maaf atas ketidaknyamanannya pesan yg dikirimkan melalui dm terima mohon kesediaannya mengirimkan tkskila,negatif
cek dm dong min,netral
cek dm minn,netral
cek dm dong kak,netral
ternyata yg lbih gajelas dripda spaylater,negatif
sama ga pilihan gopaylater udah dm igx balesannya template gada solusi pdhl lg urgent pake paylater huhu,netral
min cdm,positif
halo min ayah top up gopay bri k lalu gopay kepotong masuk tabungan gopay pas cek tabungan gopay k gimana saldo k kemanaa tolonggg,negatif
min cdm ku donggg dibantu,negatif
kaa cek dm yaa,negatif
cek dm dong min,netral
cek dm lg min,positif
tetep hrs dibayar ka,negatif
aplikasi gojeknya ka bantuan laporan,positif
oalah,netral
mungkin yg bayar jdi gabisa deh,negatif
gopay makasiih bangeet lho udah joinan sama jago jadi gak perlu top up kalo mau bayar langsung debet kantong jago memudahkan kehidupan,netral
hmmm kumpulin info aja doloooo cuz,netral
heueheuehu kekmanalah menggoda kan,negatif
kepo yekan tanya langsung aja nih,negatif
min cek dm,positif
kalau mah sedang asik bisnis barunya diupgrage jadi layanan pinjol buat driver,negatif
selamat siang mimin gimana cara menghapus data kartu identitas pernah buat daftar gopay nonaktifkan akun gopay nya nunggu berapa lama tetap bisaa pakai kartu identitas,negatif
cs gopay hr off line,negatif
serius gak sih beri gue penjelasannnn,negatif
kalo serius beli lewat ewallet gw mau upgrade semangat nabung gopay tabungan by jago,negatif
terus katanya mobil dibeli pake tabungan ewallet ah yg benerrrr bukannya limit,negatif
cek dm,netral
dunia memang berubah sekarang menyimpan uang ewallet kemudahannya sampaisampai beli mobil lho,positif
beneran beli mobil gopay tabungan by jago,negatif
kak aku ngalamin udah dm akun gojek blm dianggapi udah hari minggu saldonya masuk sampe sekarang,negatif
min cek dm,positif
halo kak cek dm please,positif
saldo gopay sinkron dikedua aplikasi,positif
upgrade mksdnya sblm nya sering pke kok pke gopaylater limit jga kepke stngh,netral
kantor cabang bank mandiri layanan livin by mandiri handphone memiliki fitur nfc semoga prosesnya berjalan lancar tksadisti,positif
mesin edc kartu mandiri prabayar tersedia kantor cabang bank mandiri terdekat outlet merchant terdekat mesin mandiri atm tunai nontunai digunakan melakukan isi ulang kartu mandiri prabayar online,negatif
halo sahabat mohon maaf atas ketidaknyamanannya apabila melakukan isi ulang top up kartu mandiri emoney persilakan melakukan update saldo saldo bertambah utk melakukan proses update saldo bukan cek saldo dpt dilakukan sbb,negatif
isi saldo emoney aplikasi saldonya masuk,negatif
bikin kapok pake gopay,negatif
akun resmi bank mandiri bercentang emas verified disebelah nama akun bukan foto profilmelalui whatsapp official bank mandiri bercentang hijau semoga proses kedepannya berjalan lancar tksdanti,negatif
device yg terdapat fitur nfc mandiri atm mesin edc bank mandiri saldo kartu emoneynya bertambah apabila mengalami kendala mohon kesediaannya mengirimkan pesan melalui dm pastikan berinteraksi dgn,netral
halo sahabat mohon maaf atas ketidaknyamanannya apabila proses top up emoney berhasil dana masuk persilakan melakukan update saldo terlebih melalui,negatif
isi saldo emoney gopay statusnya berhasil saldo emoney bertambah pihak malah nyuruh lapor bank mandiri tiket pelaporan gopay,negatif
hi min cek dm,netral
halo min cek dm,positif
min gopaylater sayaa ga pake d tokped dong,negatif
aku jg begini ka huhuhu,negatif
mjb ka yg blokir punya kakak yg tokped apa gojek gopaynya ka,negatif
,positif
kk blokiran nya sdh d buka,negatif
pastikan sahabat berinteraksi akun resmi bank mandiri bercentang emas verified sebelah nama akun bukan foto profil melalui whatsapp official bank mandiri bercentang hijau tksrezka end,negatif
halo sahabat mohon maaf atas ketidaknyamanannya perihal kendala yg sahabat alami informasikan melalui dm,negatif
,positif
sama kak memang better dibiarkan sajaa bkin males,netral
semoga berhasil saldo gopay gue udah ditarik belom masuk etoll gue kalo masalah masukin saldo etoll mah gue paham,negatif
gopaylater tetiba diblokir ditanya customer care jawaban ga jelasbayar ga pernah telat reasson diblokir,negatif
anjirrr saldo gua balik oiiii,negatif
mohon maaf atas ketidaknyamanannya sahabat melakukan top up emoney mohon update saldo melalui aplikasi livin by mandiri yg berfitur nfc mandiri atm yg memiliki emoney reader mandiri edc semoga berhasil tksamar,negatif
halo min cek dm,positif
font nominal aplikasi gopay enak dipandang mungkin sarankan memakai poppins serif lainnya,netral
eh mandiri knapa bjir gue topup lu punya emoney tadi siang ga masuk heran emang selama apa nunggu monyet berubah jadi kingkong baru masuk tuh saldo sama aja bjir nyebelin bgt,negatif
cek dm min,netral
cdm miinn,netral
tiba sambungan gopay halodoc terputus,negatif
cek dm min,netral
cek dm min,netral
cek dm min,netral
min mau co kok ga error mulu,negatif
min cek dm,positif
sorry baru bales aku ga ngeh aku titip temen kemarin,negatif
cek dm min,netral
dm kak,negatif
notifikasi transaksi berhasil saldo kepotong bagaimana yaaa,positif
salah satunya tokped pisah sm gojek jadi financial jg sedikit crash gw jg blokir,negatif
min cek dm,positif
aku update etoll topedbayar make gopay belom update saldo nya tp udh kepotong gmna nih,negatif
bagaimana yaaa beli tiket cgv gopay terpotong saldonya tiketnya waiting for payment,negatif
halo min urgent cek dm,positif
abis jajan tt katanya cb gopay gada masuk ga,negatif
min koksy tf gopay blm masuk pdhl udah berhasil,positif
cek dm ka,netral
top up ku ga masuk min padahal notif nya udah,positif
halo gmn udah top up saldo gopay tp kok ga masuk pdhl saldo rekening udh kepotong biasanya ga pernah gini,netral
trf gopay riwayat masuk tp saldonya ga adaa,negatif
permisi tf gopay via mbanking bca kali gaada yg masuk,negatif
isi gopay engga masuk help gimana,negatif
saldo x top up gak masuk masuk,positif
ih aku topup gopay gamasukkkk plissss cepet proses,positif
proses gopayku min kebiasaan nyangkut nyangkut saldo ga balik,negatif
terima kasih penjelasannya kakmin,negatif
ka,netral
cek dm min,netral
hallo,positif
plis isiin gopay tabungan aku gais ‍️,negatif
top upin gopay mau beli agiya biar ga kehujanan jemput sekolah,positif
jadi isi keranjangmu sekarang hmm,negatif
takut banget kalau pengen check out mobilan hotwheels kepencet malah beli agya beneran jaman udah maju masa ewallet sekeren,negatif
hahh jadi beli mobil tokopedia pake gopay tabungan by jago serius,negatif
bukannya kalau beli bayar pakai gopay maksimal limit nominal transaksinya jelasin donk penasaran nih,negatif
kak min beneran sekarang beli mobil tokopedia bayar pakai gopay,positif
halo ka punya kendala mengenai gopay,positif
halo melakukan pembelian paket bulan december awal one time payment tiba tiba saldo gopay terpotong otomatis subscription validasi pembelian dulu lewat,negatif
cek dm,netral
semakin tertariq,positif
gila sih mah canggih banget kalo beneran gue mau nich,negatif
lu jangan becanda kata gue sich masa beli mobil pake gopay tabungan by jago bener aja dong emang beneran say,negatif
coba aja chib gw dah pake,netral
kalau beneran gokil sih beli perintilan rumah sampe beli mobil pake ewallet ga,negatif
beli mobil pake gopay tabungan by jago tokopedia aku bermimpi bukannya limit coba kasi tau caranya biar gak penasaran plisss,netral
beneran mak jadi tergoda nih,negatif
lah kan jadi pengen beli outlander sport warna biru metalik bayar pake gopay kan,netral
hai kak maaf buat kendalanya kalau gambar kakak kirim mutasi rekening bni berhasil transfer gopay lalu gopay kakak transfer bank muamalat gagal silakan kakak konfirmasi pihak gopay terkait transaksi transfer bank tujuan,negatif
min aku salah transfer nomor tujuan dana buaa dibatalim ga sih,negatif
cek dm min,netral
info cs gopaylater kak,netral
aja tgl kaka nopember aja beres sampe sekarang uangnya direfund katanya nunggu bap ekspedisi mulu jawabannya,negatif
min klo begini gimana kemaren lupa topup gopay sekarang udah ditop up gopaynya dipotong spotifynya udah coba perbarui detail pembayaran malah balik awal terus,negatif
nah aku mau tau,negatif
aku jd kepo dong apaan huhu,negatif
ni akun adminnya ga sih,negatif
min cek dm dong,netral
numpang min bayar pake gopay,positif
min cek dm dong,netral
cek dm min,netral
cek dm min,netral
min cek dm saldo gopay tabungan koq ilang,negatif
transaksi pertama kali buat pembayaran sociolla promo engga min,negatif
nyambung aja lau min,netral
dulu belanja pake ewallet paling cuma kebutuhan seharihari terus sekarang beli mobil pake gopay tabungan by jago tuh gimana ceritanya sihhh plis bakalan jadi wishlist gue beli mobil pake ewallettt omg,negatif
hah masa iya beli mobil pake e wallet sih beneran min aku mau tauuuu,negatif
min bantu dong gopaylater dibekukan udah kali setahun padahal dulu ga pernah terlambat,negatif
dulu belanja pake ewallet paling cuma kebutuhan seharihari terus sekarang beli mobil pake gopay tabungan by jago tuh gimana ceritanya sihhh plis bakalan jadi wishlist gue beli mobil pake ewallettt omg,negatif
hah masa iya beli mobil pake e wallet sih beneran min aku mau tauuuu,negatif
coba jelasin dong min kaget liat mobil tadi real kahhh aku butuh info minnn,netral
banyak penasaran lihat mobil tadi gimana caranya beli mobil pake ewallet,negatif
beneran nih beli mobil pakai gopay tabungan by jago spill the tea,negatif
knapa gopaylater gw blokir anjirrrr,negatif
dulu kalo liat iklan hits sering takut kejebak barusan liat mobil berjalan kaya dalem kotak mainan masaaaaa katanya beli mobil pake ewallet nih emang iya,negatif
sensasi baru nih nabung gopay tabungan by jago bisabisa gak sengaja check out mobil,negatif
apa iya teh beli mobil pake gopay tabungan jago isi saldo gopay,negatif
kok aku topup tapcash lewat go tagihan gopaynya udah kepotong amp tulisan transaksi suksesberhasil tp saldo emoneyku,negatif
pertanda hamba kudu mulai nabung gopay tabungan by jago sampe kekumpul duwit buat beli mobil hmmmm,negatif
transaksi berhasil saldo masuk rek penerima help,positif
kaget aja tanggal tua mau extend spotify saldonya malah ngilang,negatif
sama kan penasaran tunggu dispill deh sma,negatif
wah makin penasaran nih cuzlah upgrade,negatif
wah gimana kak emang beneran beli mobil pake gopay,negatif
min kok gk bayar qris pake gopay,netral
kk masi block,netral
cek dm plia,positif
minflip bingung deh kak,negatif
isi gopay gak masuk masuk pas kedua kali top up baru masuk gimana saldo pertama top up gak muncul,negatif
jelasin saldo,positif
ngak mau adaain fitur batalkan transaksi,netral
min topup godrive masuk gopay skrg,negatif
mohon cek dm,netral
pelit tuh orang mau bayar menganggap kelebihan dianggap riba padahal berada luar pokok utang biaya admin transfer makanya pake bebas biaya admin transfer,negatif
knp gini terus dong,negatif
min gopaylater terblokir padahal pernah telat membayar tagihannya,negatif
ig slow respon bgttt saldo gopay gue ilang min admin tnpa transaksi terakhir,negatif
mohon cek dm,netral
very fast improvement fish uqcbiorbgsotxdxcqikkqwcfpmkrvdbiupenlsytt,positif
uqdkbagklrbnaqpkashgzpuzaceierjdpixgmhh,negatif
sama kak dibayar blm,negatif
tagihannya ttp dibayar kak,negatif
benar ga sih nih min aku ga percayaaa coba jelaskan cepatttt,positif
cara uodate akun gmn kak,netral
aku dapet telfon terus padahal aku gak merasa punya hutang min mohon bantu gak kenal pakai no aku izin menyalah gunakan nomer sekali min,negatif
beneran nih beli mobil pakai gopay tabungan by jago spill the tea,negatif
dulu kalo liat iklan hits sering takut kejebak barusan liat mobil berjalan bawa mobil masa katanya beli mobil pake ewallet nih emang iya,negatif
hah emang serius beli mobil pake ewallet pake gopay tabungan by jago bener min,negatif
hallo min cek dm,positif
ampun bank jago kapan coba beli mobil pake ewallet,negatif
beneran ga sih masa beli mobil pake gopay tabungan by jago,netral
coba tanya min min yg mau beli mobil,negatif
waaaahhh gila sih terheranheran masa beli mobil pake e wallet,netral
serius gasih min masa beli mobil pake gopay tabungan by jago bukanya ewallet maksimal transaksinya,negatif
cek dm plis call center tdk tembus,positif
transakasi roblox dibawah tdk sy lakukan transaksi terakhir yg sy lakukan gocar bandara tambahan pemotongan rb dr driver untk parkir,negatif
ayoo upgrade dulu gopay tabungan by jagonya jagomin spill,netral
makin penasaran deh pliiis spill dong how to nya,netral
eh katanya beli mobil pake gopay tabungan by jago kan paham kalau saldo ewallet limitnya,negatif
nyimak tadi pas jalan ngeliat mobil kaya dalem kotak mainan jualan mobil keliling gimana sik,negatif
cek dm min,netral
cek dm min,netral
transaksi gopay gagal mulu kemaren malem,negatif
min cek dm dong,netral
cek dm min,netral
ampe hari tetep gabisa padahal tagihannya udah w bayar,negatif
min cek dm min,negatif
min nik ktp cm bs utk nmr hp upgrade gopay plus,netral
cek dm min,netral
kak bales dmku lg,netral
cek dm min,netral
cek dm min,netral
halo isi paket data masuk nih min,negatif
halo kak febi udah clear case yaa udah ketemu jawabannya,negatif
sunset hri enih,netral
halo min aku top up tapcash bni via gojek saldonya masuk mohon bantuannya,positif
cek dm,netral
hi mohon maaf atas kendalanya mimin informasikan kendalanya kakak menghubungi layanan call hana dibantu pengecekan tindak lanjutnya tks fikri,negatif
min baca dm ku min,negatif
kuota gratis tuh kan x biasanya gak pernah diporong apapun kan barusan line bank top up dipotong padahal yg sebelumbya aja seyahu aku yg biayanya tuh kalo masa kuotanya habis dipotong pas udh masuk saldonya,negatif
min gopay later diblokir padahal melunasi tagihan,negatif
cek dm min,netral
cdm ga sih min,netral
hallo min cek dm pls,positif
cek dm min,netral
siang kak duh maaf jangan khawatir triva siap bantu terkait kendala pembelian pulsanya yuk hubungi melalui whatsapp ketik ngobrol klik agen care kemudian pilih kartu tridigiboxlainnya thanks ria,negatif
kak,netral
halooooo cek dm kendala,positif
siang admin bagaimana caramembatalkan transaksi bayar parkir kondisinya scan ternyata layanan parkir terkoneksi gopay transaksi dilakukan,negatif
min cek dm,positif
sama kak padahal limitku banyak ga pernah telat sekarang blokir,negatif
cust servicenya slow respon telp call center ga dpt jawaban,negatif
halo min kok sampe skrg menunggu tanya via dm x ig dibalas tanya email sama no telp aja gada kejelasan saldo berkurang,negatif
cek dm pls,netral
kamu udah rekrorat,negatif
hi kak ter mohon maaf mengenai pembelian kuota pengecekan silakan menghubungi maya melalui livechat aplikasi axisnet web,negatif
kalo ketinggalan dompet bayar pakai,negatif
pagi min kemarin aku topup gopay customer via mbanking bri hari masuk min,negatif
pagi min kemarin topup gopay lewat mbanking bri tp hari masuk saldonya akun gojek,negatif
cdm min,positif
halo min jam sore kemaren kok ga berhasil transfernya saldo udah berkurang masuk rekening menunggu terus,negatif
halo min cek dm dong,positif
ihh sama kesel banget aku make lho padahal pembayaran selalu lancar,negatif
autodebet dompet anak bangsa tuh apa sih woy akun gojek gw udah gapernah dipake transaksi apa nomernya udah mati tp kok ttp ketarik mulu duit gw atm aneh dong gmn,negatif
hi cek dm min,negatif
prama promo prama promo min saldo gak balik balik udah hari lumayan gimana nih lamban banget cs nya,negatif
weh kalo gitu knapa cs cuma dibilang gak memenuhi syarat gak penjelasan lebih detail bagian mananya gak memenuhi kriteria kan kan ngeselin yak,netral
wah kurang tau kalo perpanjangan aku besok rektorat emangnya kakak luar pulau,negatif
hi kak by dm,netral
hi cek dm min,negatif
udah dibales kaa laporan gojeku disuruh hubungi uny,negatif
udah chat cs blm kaa aku bikin laporan gojek tpi lama bgt ga cs live gitu aku chat keuangan jg blum bales kira kira besok perpanjangan gak yaa terakhir besok soalnya jdi tkut klo blm dpt pin mya,negatif
blm muncul kak kakaknya lewat,negatif
gak ngefek udah tanya pusat bantuan apps gak solusinya cuma dijawab autoreply tanya katanya msh cek data lama responnya tanya malah gak respon gak yg beres csnya,negatif
k blokir kok kk heee,negatif
hi min kindly check dm terima kasih,negatif
sama bangett respon chat nya pake bot deh kayaknya sampe sekarang keblokir gak kak,negatif
cekdm min,netral
kak keknya i know terblokir meskipun aku rutin pake gopay gopay later buat transaksi aku udah bulan gak pake app gojek buat order gofood kok curigaku yaaa,negatif
hi sobat seabank mohon maaf perihal kendala kamu silakan kirimkan tangkapan layar bukti transaksinya lengkap dm instagram seabank bercentang biru dibantu pengecekan lebih lanjut mimin tunggu semoga kendalanya segera terselesaikan terima kasihed,negatif
get wel soon transfer juta nyangkut,negatif
iya jawabannya ngeselin bgt sangat template terus bs dipake apa kak didiemin gitu aja apa sering pake aplikasi gojek,netral
aneh kan padahal rutin pake gopay paylaternya kak,netral
emailku dibales barusan gak jelas banget alesannya katanya gak memenuhi syarat padahal gopay paylaternya rutin digunakan,negatif
kiwkiw cek dm dong,netral
hi info dong aku mau top up apple id ipad download app gopay trus add payment gopay diminta install gojek utk transaksi smentara app gojek kan ipad tdk bs install,positif
cek dm,netral
perlu diketahui dg aplikasi gopay transfer rek bank mana aja isi wallet apa aja kena biaya apapun,negatif
udah ga dipegang findaya sekarang mab multifinance anak bangsa gatau sosmednya apaan,negatif
apapula gopaylater kena blokir padahal selalu ontime bayar keterangannya sih verifikasi data apose apose,negatif
sungguh kecewa gopaylater diblokir katanya transaksi gue kurang buat gopaylater wkwkwk aneh ah bt padahal udah dri jaman kuliah pke gojek kbantu bgt sama gopaylater ga acik km,negatif
cek dm min,netral
kalo opsi gopaylater emang gak keliatan kak kalo block pas milih metode pembayaran waktu mau transaksi aplikasi gojek misal order gofood keliatan tulisannya,negatif
coba d klik gopaylater nya kk gak keterangn k blokir nya,negatif
gak penjelasan kak kena block kakaknya report cs liwat twitter aja ato email jg makasih sebelumnya kak,negatif
buset gak jelas baat dah,netral
monggo kak aku bayaran gak pernah telat terakhir tu limitnya malah naik signifikan lha tetau aja kena block kan kesel yak email support jg percuma malah queued doang,negatif
gopaylater napa dah limit baru aja naik pembayaran gak pernah telat eh tau gak dipake sekalinya dicek lebih lanjut ternyata kena block gak jelas whyyy,negatif
maaf udah bs kak akhirnya soalnya ngalamin jg nih,negatif
terakhir sih gini suruh nyoba hari depan ‍,negatif
skrg k blok kk,netral
udah hari kak udah coba bikin laporan pusat bantuan gak perubahan,netral
dear admin sy udah buat laporan dm ig email respon perihal saldo gopay terpotong padahal transaksi token listrik dibatalkan merchant tindak lanjutnya x jam,negatif
dear admin sy udah buat laporan dm ig email respon perihal saldo gopay terpotong padahal transaksi token listrik dibatalkan merchant tindak lanjutnya x jam,negatif
engga,negatif
udah perkembangan kak,positif
ih bru tau thank you infonya baaang untung tweetnya lewat,negatif
sama nih semalem udah nanya pusat bantuan jawabannya ga jelas cuman kek gitu kayaknya developer habis deploy gopaylater terus logicnya kacau,negatif
hi admin cek dm,netral
jarang pake gopay jd gatau fitur apa aja trma ksh ka infonya,negatif
aku si selalu bayar pulsa bayar bpjs tagihan listrik pake gopay terus,positif
baru tau beli disitu,positif
kak sama nih kasus tiba aja ga pakai sama sekali,negatif
halo kak cek dm kendala penggunaan gopaylater,positif
iyaa makin sini makin mahal mas aktifnya cuma duabulan,negatif
ternyata gopaythank you kak,negatif
wah mksh ners infonya baru tahu info,positif
wahh murah nih yah,negatif
murah banget,negatif
lumayan banget promonya,negatif
lumayan pke gopay klo gitu,negatif
min bayar ukt uny kok ga muncul pinnya munculnya,negatif
hi halo aku beli paket bima saldonya udah kepotong paketnya masuk gimana,negatif
eh permasalahannya samaaaa kak nitip sendal deh kalo udah info buka blokirnya,negatif
haloo min cek dm yaa nomer cs yg dihubungi keluhan pertanyaan customer,negatif
bangsatttttt gua puterin mulu berhari gabisa apa langsung balikin aja duit kan lu pd cek transaksi org saldo gopay tabuangan ilang gopay aplikasi kalian semdiri capekkk nunggu uda ber hari hari,negatif
kak keknya kebijakan baru gabisa combo layanan plus sama voucher kek tokopedia ga combo gratis ongkir sama voicher,negatif
barusan aduin suruh nunbgu mulu mana tbtb email masuk katanya saldo uda nyatanya kosong emng anj,negatif
sama ka hari saldonya mana uang perusahaan,negatif
min dm ga dibaca udah nyerahin bukti transaksi menunggu hari kerja saldo balik,negatif
cek dm,netral
min cek dm dong,netral
senasip bang pdhl ga pernah nunggak satu hari kira knp,negatif
hi admin mohon cek dm,netral
mimin mohon cek dm yaa tiba tiba kode otp findaya min,negatif
pas top up saldo gopay langsung terpotong buat tagihan tagihan apa coba ga melakukan transaksi apapun kembalikan gopay min,negatif
emang kan sayang duit ny kalo ga masuk,negatif
nyebelin jirr mana flazz minimal rb ajg,negatif
lah knpa gw kurang percaya kalo ga langsung halte,negatif
kok isi flazz tokped bayar lewat gopay flazz nya gabisa diupdate saldo saldonya ga bertambah tpi duit gopaynya berkurang sering banget kaya gini,negatif
respon kak dm udah hari ga masuk saldo,negatif
hi kak maaf buat kamu menunggu harap hatihati akun mengatasnamakan dana jangan berikan pin kode otp kamu orang km keluhan aplikasi dana kamu hubungi asisten digital diana aplikasi dana kamu thanks fa,negatif
hi kak harap berhati modus penipuan yg terjadi jangan pernah memberikan kode otp pin transfer uang orang dikenal yg mengatasnamakan dana pastikan menerima informasi akun resmi dana bercentang biru kak thanks ta,negatif
cek dm min mau laporin akun penipu,negatif
nomor diatas beberapa terdaftar ewallet nih prevent dongs sama jangan sampe korban mohon pihak kepolisian dibantu,negatif
cdm kak,positif
cek dm min,netral
halo limit gopaylater nambah terus tiap bulan persetujuan pengguna dulu cuma rb sekarang jadi jt cara reducenya gimana balik limit dulu,negatif
eh sama kak punyamu udah,negatif
merugikannnn,negatif
sangat rugikannnn menunggu hari saldo kembalikannnnnn,negatif
emang gaberes gopay anj ud nunggu hari ga balik saldo gua,negatif
kerja ga beres x jam menunggu saldo ga balik sangat merugikan,negatif
cek dm min,netral
misal mau beli baramg dr dgn paylater rencana bayar nya penuh cicilanhari brp dibayar penuh dr waktu pembelian amp brp bunganya,negatif
punya keluhan nih mohon direply,negatif
halo sahabat mohon maaf atas ketidaknyamanannya mengirimkan pesan melalui dm mohon kesediaannya menginformasikan kendala yg dialami melalui dm informasi pastikan sahabat berinteraksi akun resmi bank,negatif
min cdm min,positif
sebelah nama akun bukan foto profil melalui whatsapp official bank mandiri bercentang hijau semoga permasalahan sahabat segera terselesaikan tkssisil,negatif
halo sahabat turut prihatin atas kendala yg dialami perihal tersbeut informasikan melalui dm mohon pastikan sahabat berinteraksi akun resmi bank mandiri bercentang emas verified,negatif
cek dm,netral
min kok udah top up gopay saldo beranda udah pesan gojek bayar gopay saldo,positif
min topup gopay dananya bertambah status pemindahan gopay gopay tabungan dibatalkan dana masuk ga dibisa dipakai jadinya dong min,negatif
halo admin cek dm,positif
cek dm,netral
permisi admin pengguna gopay baru upgrade apa gopay upgrade transfer bca,positif
hallo punya masalah nih topup mohon pencerahannya,negatif
buzzer semua njir,positif
cek dm dul,negatif
berikan fitur hapus akun gopay tabungan sampah bgt woi gapernah lansung masuk menghambat bgt,negatif
cek dm,netral
cek dm min,netral
min saldo blm masuk dong udah hubungi pihak seabank katanya ga transferan gopay,negatif
sung chat apk nya aja kak keburu gopaylaternya jatuh tenpo,negatif
coba kk langsung pusat bantuan cs nya kk biar semua masalah cepat up,positif
coba langsung kontak pusat bantuan kk biar semua masalah diselesaikan,positif
kacau transaksi pake malah nyangkut,negatif
gopay upgrade apa transfer semua bank,positif
halo min kok gopaylater aku ga bs d pakai buat payment tokopedia eror knp,negatif
sistem cicil hp memakai gopaylater pakai akun tenor bulan bulan terus kesalahan cara pemesanan,negatif
min cek dm pls,positif
save saldo tiba ilang ga jelas walaupun cuma sedikit bikin was mau top up saldo,negatif
sama awal bulan ampe sekarang udah lapor lewat aplikasi sama dm jawaban template penyebab nya ga dikasih penyebab umum hmm terus akhirnya suruh nunggu hari gimana ni kak,negatif
saldo sy skrg,netral
cekk dm minn,netral
cek dm dong,netral
hajar bleh,negatif
masa cuman lihat aja chat x,netral
balikin saldo,positif
sama balik ga kak,negatif
salod kepotong gagal transaksi gmn iini,negatif
balikin saldo gua anjing,negatif
gaa respon apapa pihak gopay,positif
saldo gua hilang,negatif
halo transaksi gagal tp saldo berkurang,negatif
gimana aku top up kok gamasuk mana akhir bulan duit udah dikit malah ilang hadehhh pdhl biasanya gak gini loh temenku ampe blg ikhlasin ga ikhlas udh ngirit gue nih,negatif
bayar tokopedia pakai gopay tabungan by jago error,negatif
cek dm dongg min plsss,netral
gopay mengecewakan gw kirim dana jumat akun temen sampe skrg dana blm nyampe no tujuan betul transaksi berhasil tp dana ntah lapor k cs ny malah dminta penerima yg laporan pdahal option pengirim yg laporan ajg memang,negatif
gedor aku bg pake mau beli kuota paketku udah sekarat,negatif
melakukan pembayaran tokopedia dg gopay,positif
cek dm min urusanya gimana,netral
apa orang pernah ngalamin sama susah kalau cs robot semua ga adayang kasih penjelasan penyebab akhirnya keulang terus capek lama,negatif
min serius susah bulan nyoba transaksi bayar pake gopay later gagal berakibat gopay later nya keblokir bulan bulan berturut turut dicoba nanya cs ga bales jelas cs tokopedia mab gojek semua sama,negatif
cek dm,netral
min cek dm,positif
cek dm,netral
mau tanya gopay later k diblokir,negatif
dah dm puluhan cs nya ganti mulu ga nyelesaiin masalah kau tengok lah mampu kau blokir saldo nya lacak saldo ku bah,negatif
hatihati tokopedia gopay katanya aman mengecewakan bertanggung jawab pengguna cc,negatif
tanyanya lewat chat gak sih kak,negatif
jadi gak nyaman kak kendalanya sedang dibantu follow up tim terkait ditunggu konfirmasi selanjutnya via dm makasih dero,negatif
paket combo nih berdua telkomsel suruh hubungin pihak gopay pihak gopay suruh hubungin pihak telkomsel,negatif
ribet nih dipisahpisah gopay tabungan sama gopay saldo mau transaksi jadi gak cukup kan,negatif
transaksi gopay seabank keterangan gopay berhasil seabank masuk lah min,positif
min tf pake gopay rekening masuk saldo terpotong status berhasil gmn min tanggapan nyaa banyak yg komplem kembalikan uang uang setoran,positif
sama status udah berhasil ga masuk rekening gmn,positif
min cek dm ku,netral
bohong guys belom,negatif
jovan bantu percepatan balesan dm nya mohon ditunggu jovan,negatif
boong guys belom dibales bales tuh sama udah sejam lebih,negatif
wkwk sama kek gua,netral
hallo min melakukan transaksi nomor gopay aktif nomor lama akunya gidak mendapatkan otp dm gopay tindakan apa ditanggapi terima kasih,negatif
iya ditunggu sebentar kak agi dm nya segera dibales dita,negatif
tenang kak agi yuk konfirmasi dm dibantu follow up makasih sabil,negatif
sini aja lah biar semua orang tau,negatif
aduh tiketnya udh diclose kak agi yuk konfirmasi dmnya biar dibantu cek hasil pelaporannya makasih sakia,negatif
maksudnya apa paketnya ga direfund tiketnya diclose gini aja punya warung ga tanggapan sama sekali,negatif
dm,netral
skrg klo pake gopayletter udh gabisa pake qris kak,negatif
mjb kayaknya gopaylater emang gabisa buat bayar qris deh,negatif
bantu jawab kalau gak salah sekarang bayar qris dah gak pake gopay later deh kak,negatif
maap jbjb kak setau aku gopay emang gabisa pake qris deh huhu emang sayang bangett,negatif
setahuku sih kayaknya udah gabisa bayar qris pke gopaylater gitu,negatif
gopay emamg mempermudah hidup kak,positif
cek dm,netral
langsung tembak aplikasinya playstore kalau bayar lewat,negatif
bukannya setting playstore bg,negatif
upgrade gopay plus nomor hp emaildjuancuxcom upgrade gopay plus selalu gagal tolak ktp perbaharui sesuai permintaan terjadi hampir satu tahunan lebih,negatif
kocak app lo settingan autodebet kaga apps lo tiba² kebayar semua layanan kali modal riwayat transaksi lo langsung mutusin sendiri selanjutnya bos beberapa layanan ga dipakai makanya gue ga lakuin pembayaran bulan ehh lo main potong,negatif
ga pernah setting autodebet gopay dicariin ga settingannya tibatiba uda kebayar otomatis aja canva ahh tae lahh kocak app lo,negatif
gimana deh sms tiketnya udah diclose mau cek mytelkomsel ga terus dilogout malah ga login cek lewat malah disuruh cek mytelkomsel mau complain feedback formnya ga disubmit payah banget nanganin customer experiencenya,negatif
aduh sumpah keren bgt gopay punya aplikasi sendiri,positif
lhukk kok gede nih dikon pulsa gopay,negatif
eh loh beneran pekerjaan maling auto ilang karna pulsa gopay murah,negatif
murahnya kebangetan loh,negatif
aku kalau mau ketipu gjd gara milih beli buat gue sendiri,negatif
wahh asli murah ga sih diskonnya banyak banget,negatif
responnya,positif
cek dm,netral
min gaada gopay suwit kaya dulu,negatif
halo admin dibantu dong aku udah bayar tagihan gopaylater muncul tagihannya biasanya hari jatuh tempo mau dikenakan biaya denda bayar jatuh tempo dibantu,negatif
halo admin dibantu dong aku udah bayar tagihan gopaylater muncul tagihannya biasanya ga,negatif
halaman bantuan aplikasi membantu sama sekali formalitas,positif
min punya masalah yg sama nih telepon cs sibuk terus dm jg,negatif
kuota internet satu bulan,negatif
cek dm,netral
ih belom diapainnn biar bisaaa,negatif
halo admin minta dong transfer dibatalkan gapapa,negatif
udah ku reportproblem ternyata perasaan gapernah pake apple tv marah gopay karna diiyain sih ga pake izin dulu,negatif
mood jelek banget tai hari gegara,netral
lama banget bales dm nya payah pelayanannya,negatif
sama kak emg bgst gopay,netral
kok gopaylater diblokir tulisannya min pdhal ga pernah telat bayar,negatif
kalian yg error pelanggan yg bayar denda gini,negatif
gak bayar gopay later denda niih,negatif
halo gabisa upgrade data ktp dipakai adik buat upgrade akun gopay diberhentikan gopay plus adik,negatif
tf duit gopay nyangkut awan,negatif
sih udah hampir hari gini terus,negatif
cek dm min,netral
gopay transaksi sendiri ditinggal tidur ilang rb,negatif
siang min barusan membeli voucher game terima kodenya bantu,negatif
ilmu ikhlas mahal,negatif
beli token via pas bayar langsung angus aja gak kejelasan nomor transaction gak mau lapor gak bagaimana,negatif
cek dm,netral
halo udah dm blm respon uang stuck sistem mau tf gopay bank,negatif
keblokir coba dm admin gopay disuruh cek bulan maret hari cek keblokir padahal bayar ga pernah telat,negatif
min coba cek dm,positif
halo min kok gopaylater tiba tiba kr blokir padahal bayar tepat waktu,negatif
min cek dm yaa mohon bantuannya,negatif
cek dm,netral
min cek dm dong,netral
cek dm,netral
gak bayar gopaylater nih miin error kena denda deeehh,negatif
mengatasnamakan kirim msg nominalnya sesuai mohon ditindak,positif
cek dm min terimakasih,negatif
hai kak maaf buat nyaman yuk lanjut email tanyacom melampirkan tangkapan layar kendala nomor ponselemail terdaftar bantu kendala kamu lebih lanjut,negatif
cekkkk dmmm,netral
dong masa tibatiba gopaylater gue blokir padahal kmren siang dipake maksudnya apa coba,negatif
cek dm min bantuannya tks,netral
cuy gimana pending mulu asuuu,negatif
gak tf bca kapan perbaikan sistemnya,netral
diproses berapa lama kak punya laporannya ditanggapi,negatif
gue bener² no word word kecewa besar sama costumer service katanya available h aing komplain tgl feb sampe sekarang ga direspon dikirimian chat robot,negatif
min bales dm,negatif
total tagihan sama yg virtual account gopay,negatif
dana terpotong bca pembayaran nya,negatif
cek dm,netral
cek dm min,netral
cek dm plsss,positif
bayar tagihan paylatter lewat aplikasi gopay malah gak masuk² sebelumnya bayar lewat gojek customer aman² aja,negatif
gabisa dipake nih gopaylaternya,netral
gopay error,negatif
min mohon dibantu cek dm error gopay,negatif
min topup berhasil langsung tiba refund saldo refund masuk ga dibuat transaksi buat kebutuhan bulanan sudan coba hubungin customer service feedback sama sekali,negatif
min transfer rekening gopay kok masuk saldo nya saldo rek kepotong saldo gopay blm masuk mohon jawabannya,negatif
promo allofresh gak min kok gak muncul pas pembayaran mohon bantuannya min,negatif
halo miminsaya barusan top up gopay lalu dibatalin tulisannya udah direfund kq masuk rekening,negatif
halo min cek dm,positif
selamat pagi kan baru aja buka tabungan gopay lalu otomatis duit masuk kesana kemudian langsung direfund uangnya manamana baik gopay biasa maupun tabungan jago,negatif
aku mau upgrade gopay plus susah banget sih gagal terus padahal udah sesuai ketentuan,negatif
woy min,netral
hi gopay beli kuota via gopay kuta ga masuk saldo terpotong gimana,negatif
yak sampe skrg ga tanggapan beda banget sama grab sat set cukup tau aja udah blg sama anak apus apps skrg pake grab aja mamanya anggep saldo ilang rb kmrn amal case closed,negatif
halo selamat pagi coba daftar gopaylater hari lalu selalu minta kirim data ulang min mohon bantuannya terimakasih,negatif
saldo ku hari blm masuk bejir,negatif
min kok coba bayar belanjaan tokped pake gopaylater gak gini terus pas checkout,negatif
udh solve blm masalahnya ka punya gitu soalnya,negatif
hallo gimana masa lofin akun aja gak udah hampir jam loh nunggu,negatif
gangguan apa gimana si udah jam an gak login,negatif
min ayo dong cashback gopay jangan pakai coin mending langsung saldo gak sih jawab setuju,netral
perbaikan sistem jadi gk tf rekening bank,netral
email telp tanggal tindakan terukur kalian padahal cuma minta nonaktifkan akun gopay pinjam,negatif
gopay pinjam aktifkan orang bukan,negatif
telp mengaku gopay pinjam menyatakan gopay pinjam aktif,negatif
tampilan gopay pinjam yg aktif,positif
gopay pinjam aktifkan bukan seminggu ga aware sama sekali kalian,negatif
tiket nomor seminggu ga kelanjutan,negatif
saldo engga gopay riwayat transaksi nya,positif
halo min terkait saldo kepotong autodebit padahal tanggalnya apa direfund udah cancel subscriptionnya gaada refund masuk ditambah gaada history google playnya,negatif
lagian aneh bs otomatis pindah gopay tabungan by bank jago ga minta approval dulu jd bingung org kalau kayak gini cm bs tlp cs yg sibuk mulu email doang berharap tweet dibales bgt,negatif
td pagi br isi saldo gopay anak rb sore anak panik apps nya update saldonya ilang pindah gopay tabungan dicoba balik gopay biasa malah ilang saldonya duanya gada gmn caranya balikin uangnya ongkos sekolah sminggu,negatif
min ko gopay sekarang selalu scan barcode tiap kali transaksi minimarket,negatif
hai kak maaf buat kamu ga tenang terkait keluhan kamu yuk infoin no laporannya dm bantu cek lebih lanjutnya kak thanks dn,negatif
cek dm,netral
ingfokan cs gopay dong,netral
cek dm min thks,netral
dah lah gak ikhlas mogamo kudu ikhlas kalo problem bakal ga ujungnya rip to payment method using my jago account on my new gopay,negatif
detail terakhir ngga kuisi udah capekkk lapor ginian aja sampe dibantu temenku busyeddd harusnya tetep ngisi aja mungkin udah dijelasin sedetail sesimpel apapun terkait error kualami ga paham sopo sing gak kesel cok,negatif
nyoba berkalikali ngadu cs kayak ngga paham sama error kualami i gave up and deleted my gojek account i thought i d solved my problem but now i m facing a more bizarre issue regarding my account such a shame,negatif
for background error akun ku gabisa diatasi kualami gagal perpanjang otomatis gofood plus gofood plus aplikasiku jadi hilang total subscription ga merchant plus ga keliatan gofood plus removed itself from my app lol,negatif
problem awal feb kemarin kutunggu sampe sekarang ternyata tertaut tuh akun udah kehapus berarti benerbener gabisa pake akun jagoku akun gojekku yg baru anjirlah sedih bet,negatif
pihak bilang ngga bantu apaapa akun proses penghapusan mandiri aku tanya terus ngapain direspon balasan ngga menjawab sama sekali cry,negatif
kirain aku mah akun dihapus segala tertaut otomatis keunlink sendiri biasanya gitu turns out akun gengs udah tanya cs via wa terus diarahkan tanya,negatif
cek dm,netral
entah bug apa sejak upgrade jadi gopay tabungan topup gopay livin mandiri masuknya selalu delay aplikasi jago dana masuk aplikasi gojek gopay tokped butuh menitan fix terkait,negatif
min cek dm,positif
min habis topaup lgsg otomatis masuk gopay tbungan gabisa dipake transaksi yaa toloong,negatif
tdk bs pakai gopaylater pdhl terakhir pakai bln nov amp kendala bayarpun tepat waktu mohon dibantu,netral
cek dm,netral
gopay tabungan buat apa dah p,negatif
cek dm min,netral
males ngirim email nya,negatif
min gimana cara ganti identitas gopay soalnya dulu pas daftar pake ktp ibu soalnya legal sekarang mau ganti ktp sendiri gimana,negatif
kirim email buat pindah data,negatif
jatuh tempo maret aku bayar tanggal kurang baik apa,negatif
cok gopaylater tibatiba diblokir padahal bayar tepat waktu,negatif
cek dm min,netral
sore min bantu cek dm,netral
mohon cek dm,netral
halo,positif
halo min bolwh cwk dm,netral
menerima saldo gopay udah jam,negatif
halo kak barusan isi gopay engga masuk pdahal notifikasi top up mau pesen makan jadi engga nih,negatif
terima kasih ditanyakan bapakibu pelanggan dmmention x twitter whatsapp halo bca menghubungi via aplikasi halobca tks wiki,negatif
udah kak hehe terima kasih,negatif
mohon maaf atas ketidaknyamanan bapakibu pelanggan konfirmasi kendala tersebut apabila rekening bca menerima dana masuk silakan konfirmasi pihak merchant kendala tersebut bca bersifat pasif tks sinta,negatif
min mau tf bca gopay tp gabisa error gimana,negatif
halooo gimana pihak gopay gaadapenyelesaian nih,negatif
infoin nomor hp detail nama paket sama capturenya dm yuk kak elvi mciha bantu cek kendalanya data aman makasih micha,netral
hai kak elvi maaf buat kendala ga akses layanan add on mytelkomsel yuk infokan nomor hp capture kendala via dm biar dibantu lebih lanjut privasi data terjagamakasih mia,negatif
tadi notifnya ga cm pas klik bayar layar berkedip lalu layar sblmnya,negatif
ternyata fitur add on nya ga ga ka sy beli add on trs coba berhasil top up paket data internet sakti dgn add on gagal,negatif
huhu tenang kak elvi buat kendala ga aktivasi paket ketrangan gagalnya apa infoin nomor hp dm biar sabil cek makasih sabil,negatif
isi paket my tekomsel dgn pembayaran error krn dah nyoba berkali pagi ga tlg infonya uaa,negatif
kak cek dm,netral
pls help aktivitas yg ga biasa apa bayar ga pernah telat tiba diblokir n cuma dipake trx gojek jadi yg gak biasanya apaan ‍️,netral
aku udah hari diblock nih kak gopay paylaternya gak tau deh gak jelas bgt dah males effort tanya cs pasrah aja kalo gak bs yawess shopee paylater cc,negatif
dear dong cepat penangan kasusnya saldo gopay sy hilang juta sy tdk pernah melakukan transaksi tsb sy udah menghubungi pihak gojek tokped saling lempar tanggung jawab,negatif
akun tokopedia hack lalu melakukan transaksi via gopay later laporkan tokopedia amp gopay tokopedia menjelaskan terkait tanggungan pembayaran tetap kpd padahal jelas korban bukan solusi macam apa,negatif
kalo pembayaran toped pakai gopaylater kayak gini tetus gimana min pertama kalinya aku pake gopaylater toped,negatif
beli beli token listrik tokennya ngga dikasi kasih padahal udah bayar gmn si,negatif
buruan dong perbaikannya mau dipakai transfer dana bca nih,negatif
admin cek dm,positif
urusannya udah beres blm bang soalnya jg sama,negatif
udah beres bang urusanya sama gopay,negatif
diikhlasin aja merasakan soalnya,netral
dm gue sampe sekarang gak direspon min mayan,negatif
halo,positif
ygl gak lama,positif
kagak tau mau sampe kapan gila fintech,negatif
blokir gak punya gw udah bulanan,negatif
halo somasi kirimkan gopay indonesia pt dompet anak bangsa atas persoalan tgl februari hari februari kejelasan selamat bekerja teman teman,negatif
cek dm napa min,netral
cek dm cek dm penting,positif
aplikasi maling segera audit udh banyak korban,negatif
aplikasi maling,netral
balikin duit gw aplikasi maling,negatif
min mau verif kok gak diproses lama uang jadi gak tf gopay bank nih ah min,negatif
promo undang temen habis apa min,negatif
eror kok gak bayar tagihan,negatif
km gk merasa bersalah g ngasih ak diskon,negatif
cek dm min,netral
buat laporan semua bukti lengkap,positif
halo admin mau tanya apa berada dibawah pengawasan bank indonesia soalnya udh banyak korban duit hilang kejelasan berhari hari aplikasi maling,negatif
aplikasi anjing gw transaksi tgl pending tgl transaksi selesai duit hilang entah kalian suruh tunggu maksimal hari skrg udh mau tgl aplikasi anjing balikin duit gw maling,negatif
malam min tlg baca dm thank you,positif
sekarang keblokir ngadu balesnya template terus belom punya buzzer yg sok peduli nyuruh upgrade cepet bangkrut aja lah mab,negatif
barusan akun gojek kehapus sekarang buat masuk gabisa kalau paylater gabisa ngapus akun anehnya tadi dm tokopedia tagihanya tetap walaupun akunnya udh gak d akses,negatif
iyaaaaaaakl lg bu cuma gopaylater penyelamat pusat pengaduan jg minim,negatif
gapernah digopay emg lg banyak diblokir kayanya aku gapaham knp,negatif
halo kalo mau nonaktif akun caranya gimana nomor lama terlanjur verified ktp,negatif
udah pernah telbay kak,negatif
kalau aku udah kelar tagihan ku gamau pake dripada php in kayak gini,negatif
cek dm kak,netral
udh kebuka blm mas blokirannya udh hari blm nih,negatif
me too udh hari blm kebuka hehe,negatif
mab fintech gak becus sama kerabat diblokir alasan jelas baru akses kemaren eh diblokir,negatif
total lost gopay transaksi sukses tpi zonk,negatif
sistem mab bobrok suka blokir alasan baru kemarin notifikasi digunakan sekarang diblokir gila,negatif
skrg iya pengakuan aplikasi katanya sedang penanganan wkwk entah kapan,negatif
cek dm,netral
uangnya jadi hilang gitu aja,negatif
maaf,negatif
udh bnyk yg kena aplikasi maling,negatif
hai kak terdapat kendala pertanyaan diceritakan melalui dm shalma dibantu la,negatif
permohonan buka blokir gopay seminggu lebih bermasalah dananya cc,negatif
ngeri nih transfer antar bank pakai virtual account dah lebih mnt gak jalan alasan kendala bank diperbaiki jgn mau kalah sama fip jadi kapok orang kalu bgini,negatif
miin gopaylater gua kok gabisa dipake sih padahal gk tagihan telat terus menit sebelumnya udah dipake buat beli pulsa,negatif
udah aku dm kak,negatif
kak dm langsung cs gopay jga punyaku jga balik uangnya nggk jelas jga statusnya,negatif
receh sih tp aku butuh buat bayar pempers cek dm dong min status selesai tp nggk masuk rekening,negatif
kak uangmu apa nyantol jga,negatif
kak uangmu nyantol berapa uangku jga nggk balik,negatif
melihat banyak korban kirimkan laporan resmi terkait aplikasi gopay ojk,negatif
capek banget komplain gopay kirim email masalah keluhan laporan balasannya gak nyambung allah emang uang kecil buat buat gua lumayan komplain apa bales apa,negatif
hi kak iqbalotwit terima kasih menghubungi twitter myxlcare proses selanjutnya kendala kakak silakan gunakan fitur chat maya aplikasi myxl web kak,negatif
min cek dm,positif
aku udh aktif tp blm dipake transaksi trauma aku wkwkw terakhir pake tokped langsung blokir lg,negatif
udh isi paketan lewat pake promo cashback ga masuk cashbacknya huuhuu,negatif
cek dm,netral
bundaku siang tadi topup gopay via indomaret nominalnya besar masuk sampe sekarang gimana min,negatif
mjb kmrn aku kena blocked limit naik blocked udh tlp cs ngomong panjang lebar suruh nunggu hari katanya kalau baca media konsumen udah hari tetep aja ga sejak pindah mab aja troublenya,negatif
mjb diblokir ga punyaku kmrn tiba tiba gitu udh lapor suruh tunggu hari katanya limit naik blocked sejak pindah mab aja troublenya,negatif
cek dm min terima kasih,positif
duit gw udh berhari hari gk kejelasan malingggggg,negatif
okay terimakasih banyak kak ️,netral
halo mau bayar tagihan paylater nomer hp yg aktif caranya bagaimana log in aplikasi gojek pembayaran,netral
call center you ga berfungsi ga dipencet apapun unt bicara operator si mba voice mail cuma bilang blm memasukkan pilihan semua no opsi yg ditekan do something aplikasi dg pengguna sebesar kok abal abal banget call center nya,negatif
eh sama anjir gw mau pake hari ga dipake karna blokkk gajls analisis mulu ga solusi,netral
min balas dm ku,negatif
min maaf bingung deh kok gopaylater kena blokir padahal tanggal febuari bayar loh solusi min,negatif
min cek dm,positif
hi cek dm,netral
minnnn cek dm,negatif
cek dm dong,netral
cek dm yaa,netral
udh banyak yg kena entah knp aplikasi melenggang mulus,negatif
mau dibisikin aplikasi maling gak namanya gopay saldo kepotong status transfer selesai dana gk masuk buat laporan sana sini udh hari penanganan katanya berbasis digital sepele gini aja berhari hari gak kelar wkwkkw aplikasi maling sampah,negatif
kak keblokir gak aku tiba tiba keblokir,negatif
kak mjb blokir gak sampe skrg,negatif
aja udah lama gada respawn gua baru kena gangguan tadi malam njr suram,negatif
semalem emang case,negatif
bukan gua doang ternyata ngalamin,negatif
mohon cek dm,netral
klo gak bertanggungjawab gini oke gua bawa case sampein influencer kripto benar bertanggungjawab,positif
capek krn nomor hilang ngajukan perubahan nomor gagal teruspadahal mau bayar gopaylater cicil udah ngubungi cs tanggal dijanjikan virtual akun bayar tagihannya sampe sekarang dikirim,negatif
kapan naaadana balikin,negatif
min kemarin salah top up nmr gopay lama dah mati harusnya top up nmr baru bagaimana uang nya lumayan,negatif
lama diblokir,negatif
kapan d buka blokiran nya co punya gue k blokir,negatif
balikin duit gw woi aplikasi maling,negatif
hari lebih duit gw gk kejelasan balikin duit gw aplikasi maling,negatif
woi bener aja gopaylater gue baru dibuka blokir tau tau diblokir anjing masalah apasih,negatif
hi saldo gopay dipotong sebesar rp hari jaket driver gojek lunasi tahun lalu mohon bantuannya terima kasih,negatif
cek dm,netral
iya emg aneh kak aku jg selalu tepat waktu byrnya tpi klo dipake gabisa trs jdi keblokir deh gatau mrk penilaian nya gmn yg bikin gabisa pake aku jdinya paling pakenya beli token trs aplikasi gopay klo,negatif
padahal tagihan pertama aku lgsung bayar tepat waktu ka lgsung balik limitnya,negatif
sama brrti kasusnya kyk aku soalnya transaksi tu skor kredit dicek sama analis gopaylater nya jdi klo gagal langsung keblokir paling hrs nunggu hari baru kebuka,negatif
pas uda masukkin pin kaa,negatif
hampir semua yg punya gopaylater blok kak aku jg udh mau bulan kebuka abis blok bangkrut kayaknya,negatif
gue udah tanggapi kak lewat dm katanya selama hari ga dipake analisis gitu gue ga ngerti sama mana data pribadi udh pegang,negatif
pas msk gojek emg udh keblokir bgitu udh cb transaksi masukin pin soalnya aku jg sering keblokir tpi pas dipake payment link sama tokped jdi sblmnya blm keblokir tpi pas udh masukin pin eh gagal langsung keblokir jdinya,negatif
pas mau pesen gojek trs lgsung blokir,negatif
cek dm,netral
eh aku jam saldonya ghaib anjir gatau tutor,negatif
cek dm min,netral
asliiii diotak atik dikit kak biar saldonya cepet update refresh gitu halaman gopay tabungannya gaguna jujur,negatif
mana duit gw malinggggg,negatif
blokir nya nyoba transaksi kak,negatif
halo min mau tanya hapus daftar rekening bank apps gopay caranya gimana,negatif
cek dm,netral
katanya memenuhi syarat padahal aplikasi limit banyak loh,netral
sama anjir kesel bgt tiap topup gopay tp saldonya malah masuk tabungan nunggu lama,negatif
cek dm min,netral
mohon selalu waspada kak akun resmi twitter bni bercentang emas verified sebelah nama akun bukan photo profile jaga selalu kerahasiaan data pribadi kakak tks wudy,negatif
hai kak maaf buat kendalanya kak mimin bantu silakan kakak sampaikan detailnya melalui dm,negatif
cdm deh mending,netral
cek dm,netral
balikin duit gw aplikasi maling,negatif
halo kak maaf atas kendalanya keluhan kakak mengenai kendala tapcash biar mimin bantu cek infoin detail datanya melalui dm kak mimin tunggu,negatif
wah sama nih tadi pagi nyangkut sampe skrg mas jg nyangkut,negatif
halo kak duitnya udah terkirim pending soalnya aku ngalamin thank you,negatif
kak uda terkirim belom duitnya,negatif
kak uda masuk blom saldonya,negatif
kak duitmu,negatif
cdm tolonggggggggg,netral
ga,netral
kabarin klo udah beres bang pengen tau responnya,netral
min gimana ceritanya beli kuota aplikasi bima pake gopay saldo kepotong invoice keluar aplikasi transaksi gagal menerima pembayaran cs cuma bilang refund bs dilakukan aplikasi penerima kacaww,negatif
bca dicoba bayar pake gopay gak,negatif
min cek dm segera,negatif
duit gw balikin aplikasi maling,negatif
aplikasi maling,netral
woi maling,negatif
balikin duit gw aplikasi maling,negatif
gusss dibalikinn,negatif
samaaaa kakkk aneh bgt,netral
selamat siang ka kalo aku mau complain terkait driver kurang menyenangkan,negatif
oke kak cek dm lg kak udah tak isi datanya makasih,netral
subcription bumvle gak bikin km kenyang perut kenyang atensi,negatif
februari makan sm bumble,negatif
dr bumble ms padahal ak udh lifetime,positif
subscription app yg pernah km download trs lupa unsubscribe,negatif
selalu waspada kak akun resmi twitter bni bercentang emas verified sebelah nama akun bukan photo profile jaga selalu kerahasiaan data pribadi kakak tks cempaka,negatif
hai kak maaf buat kendalanya kak mimin bantu silakan kakak sampaikan detailnya melalui dm,negatif
sangat disayangkan sekali atas kendala terjadi kendala tersebut mohon kesediaan bapak menghubungi halo bca via fitur call aplikasi halobca bebas pulsa diproses lebih lanjut tks achel,positif
bantuannya min habis isi tapcash dr pake oneklik kok blm masuk proses terus,negatif
kocak nih bulan lalu limit naik tp langsung blokir laporan percuma sampek sekarang pakai eh kemarin dapet notif limit naik anehnya blokir gak jelas banget truss ngapain naikkan klo blokir,negatif
cek dm,netral
jangan semangat sebaiknya menyerah uda diup ig story kasus gopay later ntar kelar blokir dipake bentar keblokir wkwk,negatif
slowrespon semua kak,negatif
aplikasi anjing balikin saldo gw bangsat,positif
udah tunggu awal bulan aja lancar lg,negatif
aneh bangeeet aku tanggal seret seretnya blokir kayak hatiku,negatif
halo kak udah teratasi akunnya soalnya aku gini,negatif
sama transfer diproses jam sukses eh dana gk masuk rekening tujuan padahal saldo udh kepotong wkwkk aplikasi sampah,netral
,positif
terblokir apa udah selesai,negatif
min apa sih pakai tanggal dibilang dipake feb dipake feb eh dibilang sipake feb gitu ae terus ampe kiamat gausa aja kalau gak dipake anjrit,negatif
cek dm oyyyy,positif
ngatasin pengaduan konsumen tuh brp lama si punya gue udah hari kerja gaada feedbacknya lama banget,negatif
kak dicek dmnya,negatif
dm keluhan gak ditanggapi sama sekali min beberapa transaksi gagal tpi saldo kepotong gak pernah tindak lanjuti tpi semalem udah puncaknya mungkin jadi lumayan kesel tlng tindak lanjutnya min,negatif
cc mention kalian kalian terlibat akun random tolol bisanya nyaranin upgrade jauh kalian,negatif
bener mab mau cari ribut baru kemarin dipakai eh hari diblokir maksudnya apa sih kok sistemnya bobrok bener,negatif
gimana tarik tunai malah tulisannya menunggu lama banget biasanya cepet gak sampe menit,negatif
cek dm,netral
menggunakan gopay later app hari belakangan,netral
admin drtd malam transfer dr gopay status nya menunggu mulu biasanya gercep knp tuuuuu,negatif
cek dm min,netral
selamat malam min dibantu ditindaklanjuti top up saldo tadi masuk lebih jam nih,negatif
gopaylater ku blokir,negatif
beli token pln dipakaigagal terus,positif
cek dm dongggggggg,netral
hlo ka dm ga plsss mau nanya,negatif
cek dm,netral
belom,positif
ditanyakan bapakibu pelanggan dmmention x twitter whatsapp halo bca menghubungi via aplikasi halobca tks pallefi,negatif
memang karya anak bangsa yg payahhh sekali kalah jauhh payment wallet biru wkwwkkwk,negatif
turut prihatin atas kendala terjadi apabila transaksi berhasil kendala tersebut sarankan bapakibu pelanggan melakukan pengecekan konfirmasi pihak gojek tks carlos,positif
sistem ngapa dah top up mbca knp blm masuk mnt,positif
min batalin transaksi gimana sayaa transaksi beli pulsa no lama sayaa,negatif
bls dm,netral
kak aku dm bantu cek thanks,positif
yg aku takutin,negatif
selalu waspada kak akun resmi twitter bni bercentang emas verified sebelah nama akun bukan photo profile jaga selalu kerahasiaan data pribadi kakak wa resmi bni bni call atribut apapun tks cedric,negatif
hii kak maaf kak kendalanya mimin bantu tindaklanjuti mengenai kendala yg kakak alami mohon infoin detailnya melalui dm,negatif
transfer lancar aja ga itungan menit bagaimana nich,negatif
x jam saldo masuk rekening padahal sebelumnya lancar aja,negatif
kakak buat kendala mytelkomsel coba dulu clear cache restart hp update aplikasi versi terbaru semoga teratasi nesya,negatif
bro gua punya kan apa lu tau gak,netral
min gopaylater sy terblockir bgmn cara buka blocknya,negatif
bales dm min ga responsif banget dah ah,netral
kaktolong buka dm kak masalah ni pending transferan,negatif
min balas chat dm,negatif
ayolah qris pake gopay coins masa kalah sama si oren,negatif
samaaaa aku uninstall dana,negatif
cek dm terimakasih,negatif
cek dm,netral
transaksi menunggu jam gimana kelanjutannya,negatif
ternyata salah pihak dana entah ga ngerti kadang padahal e wallet banyak peminatnya kadang sering error gangguan uang hilang top up saldo ga masuk proses lapor ga tanggapi banyak kejadian,negatif
respon cs cs nya lemot tanggapi pernah top up dana via bank mandiri senilan jt saldo rekening berkurang dana masuk tunggu harian gada masuk akhirnya lapor bank mandiri pihak dana,negatif
kalau kehilangan uang aplikasi ga bakal tanggapi beda sama gagal tf aja langsung refund hari ga perlu nunggu ber menit menit makanyaa udah gapake aplikasi dana kurang efisien,negatif
laporan ditindaklanjuti cepat cukup penting mengganti identitas terdaftar akun ibu menggunakan ktpnya sendiri akun mau beliau buat pake ktp sendiri,positif
wkwkwk duit rp gw aja akun nyokap embat so²an bilang aman sekarang gw lg nyaman pake aplikasi ringan jauh beda sama apk lu,negatif
mayoritas kerjaan dengar musik,netral
beberapa pekerjaan min,netral
min ni gopaylater aku blokir njirr padahal bayar on time sisa limit banyak kenapaaaaaaa balas aku gamau tau,negatif
hai kak bantu cdm thx,positif
halo min aku gopaylater keblokir bagaimana mengaktifkan,positif
aku nyari gocar nggk dapet jadi batal otomatis uang aku tarik apa refund,negatif
dana elek apik,positif
tolonk,netral
min gopay gangguan gimana saldo rekening udah kepotong ga masuk saldo gopay,negatif
cs gopay menantang mendiamkan pelanggan hingga telepon terputus cc,negatif
halo min cs lewat dm ga,negatif
min kok akun gopaylater diblokir padahal bayar ga pernah telat,negatif
min cek bls dm plisss penting,positif
cara nonaktifin hapus akun gopaylater gimana,negatif
cek dm nya lah,negatif
cek dm min,netral
halo gopaylater enggak padahal kemarin baru dapte notif kalo udah aktif maksudnya apa nich,negatif
min cek dm yah,negatif
kak aku dm,negatif
min cek dm makasih,negatif
min cek dm,positif
sama kak skrnh udh blm ka,netral
kak udah blm,negatif
apk tai tiba tiba diblokir gabisa tf sesama gopay sinting kau,negatif
kak maaf tanya akun gopay kakak balik engga,negatif
mau bertanya kalau mau daftarkan gopay utk anak thn punya ktp bagaimana caranya coba register terkendala ktp tks,negatif
cek dm,netral
balas dm min,negatif
mantap gojek,positif
kak gopaylater km masi diblokir,negatif
masi blokir kak,negatif
cek dm,netral
gila penanganan kalian masalah jelek banget,netral
please dong bantu permasalahan yg sedang alami kok malah email masalah diselesaikan lewat telpon telpon sama siapa kalian,negatif
udah laporan lewat aplikasi jawaban nya gajelas ywdhlah cuma belajar pengalaman aja kapookk,negatif
merasa rugikan sih sama biasanya notifikasi pembayaran berhasil baru kali gada gue akhirnya memilih pembayaran pake metode dilihat kok saldo gopay gue kepotong,negatif
cek dm dong min,netral
eror min sampe kapan,negatif
cek dm min,netral
tlg blaass suratcintaku,negatif
minzzz tlgg aku transfer gopay seabank semalem tp sampe sekarang statusnya proses muluuu begimnaahh,negatif
kalo mau chat cs caranya gimana min,netral
cek dm min,netral
nih jadi percuma rasanya bayar tagihan jauh jatuh tempo,negatif
cekdm,positif
admiin cdm dong mau complain,negatif
sedih ga upgrade,netral
cek dm min,netral
mohon bantuan kendala upgrade gopay plus komunikasi melalui bantuan sayangnya solusi gopay resolved,netral
cek dm admin,positif
miiin mau nanya dong kalo pake gopay later lsg dibayar abis transaksinya selesai gaksi,negatif
buat apaaaa lu kl gbs dipake dah beberapa bulan bjirrrrrr plis tau knp admin dah email beberapa kali kawabannya template samacsemuaaa anjinggg,negatif
sore kak perkenalkan nama silvia happy ardiani mahasiswi universitas gunadarma menawarkan kerjasama sponsorship acara lomba design poster film tema action movie art alamat email hubungi terimakasih,netral
kalo make gopay later buat transaksi tokped biaya admin nya gitu ngga kak soalnya dulu pernah make gopay later buat gofood biaya admin bulanan nya,negatif
mohon maaf atas kendala bapakibu pelanggan alami pihak bca pihak penerima dana bersifat pasif menunggu transaksi tersebut dikirimkan pihak gopay mohon kesediaan bapakibu tanyakan langsung pihak javi,negatif
cdm dong kak,positif
kak diblokir gak akunnya sekarang punyaku kena blokir,negatif
min dong responnya gopaylater udah hampir sebulan diblokir padahal bayar tepat waktu,negatif
cek dm dong min,netral
buset dicuekin,netral
hi kak senang hati dm kakak segera mimin respon mohon menunggu kak ingat kak akun resmi twitter bni bercentang emas verified sebelah nama akun bukan photo profile jaga selalu kerahasiaan data pribadi kakak tks candice,negatif
min gimana yaa top up emoney mandiri lewat gopay tulisannya sukses tp ga update update responnya min,positif
verified sebelah nama akun bukan photo profile jaga selalu kerahasiaan data pribadi kakak tks miskha,negatif
kalau kakak update balance saldo masuk kakak infokan detail transaksinya melalui dm kak selalu waspada kak akun resmi twitter bni bercentang emas,negatif
hai kak maaf kendala transaksinya terkait kendala transaksi topup bni tapcash sebelumnya kakak melakukan update balance melalui aplikasi tapcash go mesin atm bni berlogo tapcash,negatif
gopay dah berkali gopaylater gw diblokir padahal nih bayar tagihan jauh jatuh tempo makin kesini kok malah makin gak jelas gini dah,negatif
isi saldo bni tapcash gopay saldo kepotong pas cek saldo bni tapcash nya blm masuk mohon bantuannya,negatif
mohon maaf tuh udah ga pake gopaylater kan yaaaa tp kok ditelp aja nih mohon maaf enak tidur nih yaaa kok diganggu,negatif
pembayaran transaksi menggunakan kejadian x jarak lebih hari januari amp februari dilaporkan solusi yg ditawarkan disuruh menunggu x jam dicoba,negatif
halo ditanggapi laporan aplikasi yaa lama betul responnya,negatif
aplikasi perlu perbaiki ktp sesuai ducapil dikatakan sesuai upgrade gopay plus terus menerus gagal,negatif
hl ka udh kebuka blm,negatif
sama,netral
min akun gopaylater tbtb diblokir,negatif
min cek dm,positif
min cek dm yaa,netral
halo kak aku dm aku barusan kena kendala kaya gitu,positif
haloo min cek dm dong,negatif
akhirnya hari topup dinyatakan gagal duitnya dibalikin lama bgt tp tetap terima kasih uda balikin dananya,negatif
kak gopay later aktif tp kok buat transaksi pembayaran keterangan nya gopay later aktif mohon solusinya,negatif
udah kak alhamdulillah,negatif
gini boss,positif
transfer e wallet gopay nunggu hari kerja gw mau beli flashsale keburu basi anj mana baru tau karna cari tau lama bgt masuknya pas mau transfer ga dikasih peringatan pemberitahuan proses kirim hari kerja anjir pls lah,negatif
blok kewan,positif
cs nya dihubungin pagi sampe sekarang sibuk terus solusi gak dapet pulsa malah abis ditambah personilnya mungkin kasian customer kendala butuh konfirmasi buru tanggapannya lama banget,negatif
min respon dong jgn handling fee naik trus service jelek gini,netral
admin minta cek dm thankyouuu,positif
sumpah aplikasi lu gajelas bgt,negatif
min cek dm,positif
respon minsoalnya aku gak mau dataku salahgunakanaku mau nutup akun kok persulit padahal gak pake,negatif
min aku tuh mau hapus akun gopay nya kok tulisan yg bagian cashloan tagihanmu bayarpadahal daftar gopay pinjam aja tolak minjem paylatter sama sekali kok tagihan tu gmnatolong bantu min,negatif
kak sorry jd km uda kebayar tagihannya kasus ku sm kyk gini️,negatif
please sampe sekarang bayar heyy,negatif
cek dm min,netral
dibantu dong min,negatif
min cek dm,positif
nyesel bgt top up via uda ga masuk ga dibalikin dana dikomplen mlh dsuru nunggu hari top up apaan cb hari,negatif
ga tau deh siapa yg salah yg duanya mengecewakan top up aja disuru tunggu hari buat proses,negatif
cek dm min,netral
gojek indonesia jadi akun bener masa bener apa mau nipu,negatif
ngentotttt saldo gue ilang rb tanggung jawab jing,netral
woiiii saldo gue rb lo kemanain jirr abis ganti nomor kok ilang,negatif
halo min buka dm,positif
ga semua biaa yg k buat yg pertama doang bisanya,negatif
pake app gopay sendiri gojek soalnya rb an pulsa k,netral
woy kestau napa knp susah x sinyal kalo dah krl aku kalo minta jemput jd telpon pake pulsa btw beli pulsanya promo pulsa k cuma sor kau dengarnya kan trs gratis trf mana aja x perbulan,negatif
siapa tau cara ngubah payment netflix gopay aku ngelink ga diubah,negatif
hei topup senin skrg ga masuk cm disuru nunggu tiket balikin uang,negatif
halo kak gopaylater digunakan aplikasi gojek padahal keterlambatan pembayaran,netral
gua top up gopay dr bni saldonya ga masuk saldo bni dah kepotong cs nya gopay gaada jawaban tolongin dong min,negatif
gopaylater gue d buka blokiran nya gue mau promo an,negatif
hi kak maaf udh bikin kamu gak tenang utk kendala pembelian paket data kamu pastikan akun dana kamu terverifikasi premium terlebih kak kendala silakan utk menghubungi asisten digital diana apk dana kamu yah thanks mr,negatif
kuota gb,netral
hi kak paham dgn kendala kamu terkait keluhan kamu silakan clear cache apk dana update versi terbaru lalu restart device pastikan jaringan internet stabil kuota internet mencukupi udah silakan coba berkala kak thx nz,netral
gopaylater sya blokir min,negatif
wkwkwk dg berbagai cara tetep ga bayar mungkin saldonya kurang,negatif
gopaylater terblokir sekarang,negatif
dong akun gopaylater gue d buka blokiran nya pengen ngejar promo nii tiba² aja akun gue d blokir tq,negatif
akun gopay later kok terblokir permanen awal bulan sampe sekarang padahal komplen berkali amp padahal punya tagihan tertunggak kira yg tahu gak netizen yg baik hati colek,negatif
libur kak barusan mau ngetransfer uang panin gabisa ternyata baru feb semua jenis transaksi termasuk rtgsbi,negatif
gopaylater sya gmn,netral
gimana hey paylater seengknya jelasin kenpa blokirngk slah kok tba blokir kebuka trus blokir lgi aneh,negatif
cek dm dong ka,netral
halo kak kalo misalnya yg transfer no gopay namanya gimana bantu check kak terimakasih jujuly takut,negatif
kemarin kebuka terus hari ketutup aneh,negatif
min aku upgrade gopay ditolak mulu,negatif
cek dm,netral
selamat pagi hari minggu top up gopay melalui seabank sekarang statusnya proses saldo seabank terpotong uangnya masuk gopay gimana laporan aplikasi gopay tp waktu pengisian bank tdk pilihan seabank,negatif
dong gojek akun kena hack orang mengatasnamakan gojek,negatif
min aku top up emoney pake gopay history tulisannya transaksi berhasil gak masuk saldo nya yaa udh pencet update balance tp gak,positif
cara nonaktifin gopaylater gimana,negatif
gopulsa delay biasa dibantu gak min,netral
iya sama nih responnya kaya gini yaudah berarti emg udh gabisa dipake,negatif
kalo baca dr yg udah sih gak dibuka katanya bulan sendiri kebetulan aku baru sebulan keblokir,negatif
kak udh solved aku mengalami yg sama tp cs nya ga solutif nih,negatif
cek dm,netral
knp tiap mau bayar pake paylater selalu tulisan status paylater gak blokir lho knp apa artinya blokir,negatif
sering terjadi,netral
lebih hari disuruh hubungi sendiri merchant bersangkutan,negatif
hi kk mohon atas kendalanya proses refund maks h hari kerja waktu pembelian tiket mohon kk cek berkala ewallet nya digunakan terima kasih kk,negatif
anjir aneh gopay,positif
cek dm dong min,netral
betul banget,negatif
gimana iki lurrrr yg mau mencoba membobol gopay q,negatif
cek dm,netral
cek dm,netral
cek dm min,netral
plis cek dm pengen nangis tau gakkk,negatif
punyaku sebulanan lebih kak baru dibuka,negatif
gopaylater gak digunakan pembayaran tokopedia,netral
guys yg pernah gak sih saldo gopay gue ilang tiba² pas chat admincs nya gaada yg respon serius pdhal udah gue kirim semua ss an nya respon cuma template doang gue dm kemaren siang jam sampe sekarang blm jelas,negatif
hai kak al maaf yah triva bantu pengecekan kendala kakak alami mohon infokan nomor trinya melalui whatsapp ketik ngobrol klik agent care kemudian pilih kartu tridigiboxlainnya thanks elsa,negatif
sekarang direfund sama sekali padahal h gimana nih,negatif
akun gopay later kok terblokir permanen awal bulan sampe sekarang padahal komplen berkali amp padahal punya tagihan tertunggak kira yg tahu gak netizen yg baik hati colek,negatif
coba mab ditanya dong alasannya blokir paylater alasan jelas akun bapak gak keterlambatan jatuh tempo lama limit banyak kok mab asal blokir aja becus gak jadi fintech bukan aja ngalamin lho,negatif
mjb kak tahun gopaylater aku pernah keblokir tbtb pdahal gapernah nunggak samsek trs aku dm dong katanya gini bener sih dlu abis aktifin gpl aku jarang makenya skrng udh kok buat transaksi,negatif
min mau nanya,negatif
gess yg pernah topup emoney dr gopay transaksi udh jelas berhasil tp malah ga masuk emoney nya gmn biar masuk kirakira gmn solusinya min,negatif
ahhhh anjjjjjj,netral
lamaa minn buset dahhhhhhh,netral
guys yg pernah ilang tiba² gak sih saldo kalian punya gue baru aja ilang pdhl lgi laper pengen cari makanan,negatif
cdmm lahhh woyyy min,negatif
woiii min balikin saldo gue ilang k anjirrrrrr,negatif
ampunn aku jg tanggal huhu udah laporan mulu tp tetep aja nihil kalo nemu solusi kabarin kakk,negatif
punyaku blm kak huhu dr tgl malah,negatif
halo min dibantu yah top up gopay via blu berhasil notifnya masuk saldonya gopay,positif
maksudnya apa tibatiba aku gapernah berlangganan apapun ga ajuin paylater jadi takut mau top up gopay langsung kepotong,negatif
hallo min top up gopay pending,positif
siang admin bisakah followup terkait email laporan nomor,negatif
hai izin bertanya mengenai status pay later terblokir apa diketahui alasannya,negatif
ditanggapi dm,negatif
gopay apa error,negatif
laporannya dah sampe mana tau lama bgt hampir sebulan,negatif
cek dm admin,positif
iya cek dm makanya infonya udah tulis dm,negatif
halo kak kok transfer msh menunggu aja cek dm dong,negatif
cek dm,netral
nomor gopay diganti gaa,negatif
min saldo gopay kok masukmasuk mohon bantuannya,negatif
awal blokir pertama kali pernah dipakek transaksi kak,negatif
kak kabarnya masuk blm saldonya,negatif
dah masuk blm kak skrg sy kasus serupa mau tanya tanya,negatif
udah ketiga kali kak keblokir,negatif
min kalo tf nya lewat gojek ko kena admin yah,netral
gopaylaterku ga bs dogunakan min statusmy bloked ga pemberitahuan padahal kl bayar ga pernah telat,negatif
diem² aja saldo ga masuk emoney yaaa tp saldo udah kepotong klo komplain slow respon bgt gopay kacau kacau,negatif
topup gopay pke blu bca ga kepotong admin gopay nya ka,positif
sih awal feb kmplen tiba keblokir hari yg lalu dh kebuka skrng mau pke pke ngk gimna kali ngk telat bayar lho mna jwbannya ngk jelas mnta pnjelasan blokir,negatif
kak penting lunas pinjeman sebelumnya,positif
gimana mana duit kalian repayment giliran tagihan ga dibayar teror tiap jam giliran tagihan uda dibayar malah tarik jangan sampe salah informasi kalo customer mana duit gw,negatif
hallo limit gopay later gak dipake tokopedia aplikasi gojek,netral
kak aku udh tiket bantuan app gojek mengenai gopaylater aku tiket tgl sampe skg gak respon cara eskalasinya gmn,negatif
ettt blai sorry sorry wkwkkwkw,negatif
hallo cek dm,netral
halo yg terpotong apa merasa terpotong mohon konfirmasi cc,negatif
hi kak mengerti kakak butuh bantuan yuk buat laporan diana masuk aplikasi dana pilih mesaya pilih chat diana mohon berikan nomor laporan yg lewat dm terimakasih,negatif
terakhir dm bilang mohon tunggu karna kalo transaksi jam maks x jam kalo transaksi jam maks x jam transaksiku jam udah x jam masuk,negatif
ka gimana udh selesai masalahnya aku jga nyangkut ka gopay seabank huhu,negatif
blm masuk kak,negatif
masuk kk,positif
udah seminggu ni nyangkut duitnyaa,negatif
gimana gopay gabisa dibuat transaksi,negatif
apes bener ni hari bangke salah transfer gopay mana nomer nya cuma bintang bintang ga keliatan full semua gimana biar hold dulu solusi nyaaa,negatif
cek dm min,netral
diproses melalui layanan sosial media perlu verifikasi data terlebih semoga kendala kamu segera terselesaikan af,netral
mimin sarankan konfirmasi pihak aplikasi gopay dilakukan pengecekan lebih lanjut apabila dilakukan pengecekan saldo sisi seabank silakan menghubungi cs seabank melalui layanan live chat aplikasi seabank layanan telepon,negatif
hai sobat seabank mohon maaf atas ketidaknyamanannya mimin bantu infokan terkait menerima dana masuk seabank penerima dana sifatnya pasif menerima dana masuk,negatif
cek dm kak makasih banyak,netral
cek dm dong min,netral
cek dm,netral
parah,negatif
gopay tiap kali mau bayar pake qris selalu crash aplikasinya,negatif
udh jam mba,netral
udah email gubrish,negatif
cek dm min udah hari dm gak dibaca,negatif
cek dm min udah hari dm gak dibaca,negatif
cek dm min,netral
woylah transfer gopay seabank gamasuk² sihh dong woy,negatif
aku kemarin sempet kegocek ku tengok kok akunnya g meyakinkan bangsat ternyata nipu admin gak tindak lanjut apa masa penipu dibiarin komen gak jelas akunnya,negatif
perkara cs gopay yg slow respon aku sampe salah liat,negatif
aku kegocek keklik linknya akunku diretas,negatif
wkwkwk ka aku sedih ngakak,negatif
ditipuu gimana nderr spill kelakuan cs gadungan bangsat,negatif
diem lu anjir,positif
hallo ka dong transaksi berhasil si penerima ga masuk uangnya minta balikin aja batalin udah proses lama banget sekalinya berhasil segala pake ga masuk gimana solusinya ni pihak gopay kesel banget ga ngebantu sama sekali,negatif
woyy duit gua trf berhasil duit ga masuk bank parah banget,negatif
ka aku ditipu sama yg komen atasmu,negatif
cek dm,netral
udh chat cs berkali kali selalu dibilang seabank penerima pasif silahkan konfirmasi bank pengirim chat cs gopay bilangnya silahkan konfirmasi bank penerima lempar lemparan,negatif
hai sobat seabank mohon maaf atas ketidaknyamanannya terkait kendala tersebut seabank pihak penerima dana sifatnya pasif mimin sarankan kamu menghubungi pihak ewallet gopay dilakukan pengecekan lebih lanjut,negatif
help me akun gopayku diretassss,positif
minnnn help akun gopayku diretassss,positif
cs bilang tunggu hari maks jam utk transaksi aku yg udh berhasil gopay seabank tpi saldo masuk help buat bertahan hidup,positif
transaksi aku jt tgl maret gopay seabank masuk masuk help,negatif
transaksi tgl maret jt gopay seabank tertulis transaksi berhasil masuk seabank kata cs gopay maks hari jam ditunggu nnti klo masuk aku nangis loh,negatif
sdh dm kak,netral
transfer seabank gopaypinjam penipu bikin bukti transfer palsu,negatif
cek dmmin,positif
dear min akun gopay blokir hubungi cs berkali kali nomor tiket pelaporan ga menit closed hubungi aja engga tetep blokir entah ga solusi sama sekali,negatif
cek dm,netral
min respon dong udh byr tagihan tertagih mana kena denda gede bet ampun deh respon lama,negatif
selamat siang admin aplikasi gopay muncul icon gambar keypad yg memblokir angka transaksi mohon solusinya terimakasih,negatif
min cek dm dong,netral
udah didm min,negatif
min kok tadi tf gopay rekening gagal terus udah x coba sedang pemeliharaan sistem,negatif
minn gmn aku mau byr alfagift gagal teruss,negatif
cek dm kak,netral
halo kak cek dm,positif
cek dm min,netral
tf bank gopay knp lama bgt si tgl kemaren smpe skrg blm masuk org udah butuh uangnyaa trs pas ditanya cs suruh nunggu hari masa tf doang smpe seminggu nunggunya jirrrr mau cancel gabisa,negatif
cek dm min,netral
bangke kalian gk balas mention sangat penting oii,positif
dm gak respon haha kocak,negatif
x nlpn contact center jawaban bedabeda gak menyelesaikan masalah sama sekali aneh banget,netral
cek dm,netral
agent contact center nya sama sekali membantu malah bikin emosi,positif
komplain nih dibantu ga contact centernya goblok soalnya,negatif
kak gimana keluhannya udah beres kak,negatif
min mohon cek dm butuh bantuan,netral
channel private resmi bri melalui sabrina whatsapp nomor akun resmi media sosial bri verified tksfadi,negatif
dana diterima silakan konfirmasi pihak pengirim dilakukan pengecekan bank bri penerima,negatif
mohon maaf atas ketidaknyamanan dialami transaksi transfer bersifat real time transaksi mengurangi saldo rekening rekening tujuan sarankan pengecekan detail transaksi cara cek mutasi rekening melalui brimo,negatif
min cek dm,positif
mohon balas cepap kak,negatif
telfon cs lalu mengatakan transfer jam hari dana masuk rekening chat wa shabrina bri jg low response min terima kasih,negatif
transfer gopay seabank pagi proses terus yaa,positif
min uang gw hilang mohon bantuanyaa,negatif
udah logout sendiri pas mau login trus refresh uangnya udah hilang trus riwayat transaksi gopaynya udah kehapus mohon cek dmnya,negatif
min mau nanya mau top up gopay bank batas maksimalnya ga yah,netral
tf bank jago tp blm masuk smpe skrng,negatif
gopaylater ku tiba diblokir padahal gapernah telat bayar sebulan lebih lapor diaplikasi cuma disuruh cek berkala,negatif
admin cek dm yaa,netral
adududdu,netral
adudududu,negatif
min cara verifikasi email gmn sih soalnya katanya link dah dikirim tp da email masuk pernah sekali masuk tp tahun itupun link invalid url sejak cb verifikasi lg pernah bs,negatif
samasama kak,netral
cek dm min gimana ga selesai,negatif
lucu banget sistem lo mau bayar paylater hari jatuh tempo kebiasaan gue membayar tagihan malah ga banget dibayar hari h perbaiki tuh sistem lo,negatif
aduan aplikasi gak live chat nunggu berapa hari sih padahal transfer sengaja gak jam rawan maintenance tetep kena bug pas transaksi,negatif
pagi kak harsa maaf atas kendalanya infoin detail transaksinya melalui whatsapp nomor ketik ngobrol klik agent care kemudian pilih kartu tri dicek cs bertugas thanks hani,negatif
halo gimana uang smp sekarang blm masuk bri padahal transaksi berhasil apa viral dulu baru direspon,positif
min cashback rb nya cuma sekali doang,positif
udh kak tpi pihak gojek dielmpar kesana kemari bri jga,negatif
sma kak kasusnya kayak lgi banyak tuh laporan ig bahkan yg smp jt udh seminggu ga masuk katanya status berhasil,positif
gak tau males pengen beli truk,negatif
ehh naha lila kitu,netral
ditindak lanjutnya hari skrg,netral
sok coba ajukeun pembatalan deui inu meh buldep teu kitu deui,netral
maaf banget kak terkait kendalanya dm bantu pengecekan terima kasih mona,negatif
min dong udah transfer kemarin statusnya diproses terus trf ovo dibantu please,negatif
padahal saldonya kepotong gopaynya,negatif
udh anjir ah tai lah,negatif
daa soalna kapotong tiba kan berarti kamari na ngeaktifan auto potong eta kudu diputusan heula nu auto potongna teh,negatif
nya kitu asli kesel,negatif
aaaa eta mah aktif auto potong tina gopay na nyak,negatif
waktu ios emang berlangganan gitu,negatif
ehh yt prem emang langsung motong gitu,negatif
youtube prem mana udh lupa anjir email youtubenya beda ama email icloudnya,negatif
ehh emang langganan apa apple i cloud,negatif
apple anjir padahal dah lama gak pake ios,negatif
apaan dah bayar rekan usaha,netral
diproses melalui layanan sosial media perlu verifikasi data terlebih semoga kendalanya segera teratasidn,positif
pengecekan lebih lanjut apabila kamu dilakukan pengecekan saldo sisi seabank silakan menghubungics seabank melalui layanan live chat aplikasi seabank melalui layanan telepon nomor,netral
hai sobat seabank sebelumnya mohon maaf atas ketidaknyamanannya terkait kendala tersebut seabank pihak pasif penerima dana mimin sarankan kamu mengkonfirmasi pihak bank pengirim dana dilakukan,negatif
cek dm min,netral
absen transaksi gopay nya terkendala,negatif
malam admin mohom cek dm,netral
butuh duit,netral
sekian terima kasih ps ga gue pake produk gopay later atut ditagih rentenir serem kak aku minjem uang teman aja hihi,negatif
saran aja mungkin kalau sop rentenir nagih customer katakatanya dibuat lebih sopan kalau baru telat bayar hari kali pertama gue lupa bayar tagihan jumlahnya ga seberapa,negatif
catatan sekarang udah gue bayar lunas beserta dendanya cuma gue beneran heran kesel aja sama cara rentenir nagih customer,negatif
konteks utang gue cuma ribu yallah ribu aja ga nyampe loh ditagihnya bener seakan gue gamau bayar kabur tanggung jawab,negatif
tau kok bayar tau kok bukan pinjaman uang teman tau kok ngga ditunda jujur murni skip lupa aja apa remindernya gabisa lebih sopan,negatif
kalau baru telat hari terus dichat gini sama rentenirnya sih jujur lebay banget yallah,negatif
paham banget gopay later tuh tenggat waktu bayar dilunasi tenggat waktu tersebut mungkin pihak push notification customer remind payment,negatif
thread ngomel gopaylater sederhana tp kesel aja sih gue jarang banget pake produk gopay later milik nah kemarin gue sempet pake mau pesen gocar isi gopay malas isi butuh buruburu,negatif
halo gimana top up bri masuk respon live chat gada,positif
okeee makasih infonya untung blm coba coba ngechatapa,netral
cek dm min,netral
halo mau tanya temen temen yg pake gobiz kalo status saldo dalm proses masuk nya berapa lama langsung masuk rekening mohon infonya ️,negatif
haii menit yg lalu aku isi pulsa via gopay tp sampe skrg statusnya menunggu,negatif
hi admin kindly help pls aku td baru topup emoney app gopay topup berhasil saldo menambah kartu emoney already submit a help ticket but still no fast update,positif
jujur sdh tahun pake gopay gak masalah kali kecewa transfer uang juta gak terkirim padahal saldo terpotong kasihan uang pengobatan ibu,negatif
min kok tbtb gopaylater diblokir padahal ga pernah nunggak ga pernah telat bayar,negatif
min gopay later kok diblokir padahal tagihan gak gak pernah telat kalau bayar,negatif
halo top up emoney melalui aplikasi gopay sekarang saldo masuk check update berkali² saldo gopay terpotong ga kunjung balik tulisannya sukses saldo ga masuk sama sekali,negatif
udah dm akun x nya gak dibalas liat postingan terakhir udah hari yg lalu mungkin gak aktif adminnya,negatif
penipu anjing diem ku babi kontol,negatif
malam admin mau tanya transfer dri gopay bank kok aneh diproses lama bgt trs notif berhasil dikirim pas dicek gk riwayat yg masuk bank nanya cs aplikasinya jga laporannya ditutup sepihak,negatif
min cek dm makasih,negatif
halo hari mau order gocar tp ternyata terhenti krn clear the payment first katanya failed to charge previous trip tp saldo sy udh kepotong amp ga refund tuh pd mhn dibantu solusinya thx,negatif
aku gak eligible min,positif
halo cdm min,positif
gk niat ksh promo,positif
wkwkwk gak jelas emang,netral
halo min gimana cara ngatasin gopaylater blokir jadi menu pembayaran nggk,negatif
min cek dm plissss,positif
tf aku statusnya proses terus,positif
wkkw hampir kena gocek sma penipu mengatas namakan gopay,negatif
cek dm min,netral
klo keluhan kendapa lewat applikasi gopay lalu bantuan lalu pilih keluhan terkait hati sama oknum mengatasnamakan gopay indonesia,negatif
kak hati² oknum mengatasnamakan gopay bni mengingatkan gopay bni wa bantuan hati sama akun mengatasnamakan gopay indonesia bni wa replay chat twitter,negatif
kak hati² oknum mengatasnamakan gopay mengingatkan gopay wa bantuan hati sama akun mengatasnamakan gopay indonesia wa replay chat twitter,negatif
kak hati² oknum mengatasnamakan gopay mengingatkan gopay wa bantuan hati sama akun mengatasnamakan gopay indonesia wa replay chat twitter,negatif
kak hati² oknum mengatasnamakan gopay mengingatkan gopay wa bantuan hati sama akun mengatasnamakan gopay indonesia wa replay chat twitter,negatif
mengingatkan gopay wa bantuan hati hati sama oknum mengatasnamakan gopay klo keluhan or kendala lewat applikasi gopay artikel terkait keluhan hati sama akun mengatasnamakan gopay indonesia wa replay chat twitter,negatif
min kalau salah tf gopay nomor yg udh gak aktif refund gak,negatif
min bantu cek riwayat login akun gopay gak,negatif
halo min kalau kirim uang via gopay status money sent pas receipt munculnya receipt trx sebelumnya berarti payment berhasil history ingat saldo terakhir jadi trx sukses,negatif
cek dm min,netral
napa dunk,netral
top up tgl april skrg blm masuk,positif
kak gimana udah bayar gopay ko gabisa dipake,negatif
cek dm terimakasih,negatif
capek yah debat dgn kesalahan sistem kalian kok jadi yg nanggung late fee cs nya tlp sulit via laporan by email or app lama sekali responnya k klo memang terbukti telat konsekuensi tp kan sblm jatuh tempo,negatif
tumben nih hari dipake transfer gagal trus,negatif
gabisa,netral
min bayar qris pake gopaylater gakkkkkk,positif
gopaylater bulan selalu lunas kok sekarang ga dipakai waktu disuruh tunggu hari udah bulan nonaktif,negatif
cek dm aku min kendala,positif
ehh penawaran pas ajukan tolak alasan memenuhi persyaratan sialan bgt dah cuma ngambil data doang kampret,negatif
halo min gopayletter kok engga gunakan min padahal dibayar bulan gimana minn,negatif
spam parah,negatif
kalau kirim email supportcom jangan spam jangan template kalau mau salesmarketing bikin sendiri email sales apa susahnya sih berisik tau,negatif
halo min cek dm,positif
emg suka trouble gtuu,negatif
cek dm,netral
transfer rek bank kok tumben udah hampir jam statusnya proses lapor pusat bantuan respon pagi tadi kalian baik,negatif
terakhir terbukti membayar bukan penipuan salam retjehan,negatif
kalian kalau mau ngelarang pelanggan beli pulsa pake paylaternya mab gak sih cukup ditolak pembayarannya gak perlu pake blokir segala mab fintech kagak jelas gink kalo ngeblokir orang sebulan lebih,negatif
cek dm,netral
min cek dm,positif
